<?xml version="1.0"?>
<!DOCTYPE Configure PUBLIC "-//Jetty//Configure//EN" "http://www.eclipse.org/jetty/configure.dtd">

<!-- =============================================================== -->
<!-- Add a WebAppProvider to the deployment manager                  -->
<!-- - - - - - - - - - - - - - - - - - - - - - - - - - - - - - - - - -->
<!-- This scans the webapps directory for war files and directories  -->
<!-- to deploy.                                                      -->
<!-- This configuration must be used with jetty-deploy.xml, which    -->
<!-- creates the deployment manager instance                         -->
<!-- =============================================================== -->
<Configure id="Server" class="org.eclipse.jetty.server.Server">
    <Ref id="DeploymentManager">
          <Call name="addAppProvider">
            <Arg>
              <New class="org.eclipse.jetty.deploy.providers.WebAppProvider">
                <Set name="monitoredDir"><Property name="jetty.home" default="." />/webapps</Set>
                <Set name="defaultsDescriptor"><Property name="jetty.home" default="."/>/etc/webdefault.xml</Set>
                <Set name="scanInterval">1</Set>
                <Set name="contextXmlDir"><Property name="jetty.home" default="." />/contexts</Set>
		<Set name="extractWars">false</Set>
              </New>
            </Arg>
          </Call>
    </Ref>
</Configure>
